id,transaction_type,category,amount,status,risk_level,created_at
f72073a0-45d1-450d-8048-04a6be3cd441,Subscription,E-commerce,2016.51,Approved,High,2026-03-31 16:45:48
4b9e8fdd-7a63-47ea-b332-930500ceb925,Refund,Fintech,3699.3,Failed,High,2026-04-07 20:17:27
f9ea0e5e-3f28-4cff-b93a-5d8e13b256d6,Subscription,SaaS,4583.11,Approved,High,2026-04-23 20:32:18
3a7f0f0a-53d4-4070-bb1b-8ec95432f8b2,Purchase,SaaS,2767.19,Approved,Low,2026-04-16 13:56:26
7cd2a6b1-3226-49b5-b99a-d852a9413d95,Subscription,Fintech,2090.19,Approved,Low,2026-04-10 13:32:47
d31437d1-c53a-43e5-9f84-c8fb454d3d13,Subscription,E-commerce,768.33,Failed,Medium,2026-04-10 19:01:09
d92f584c-40a4-4de6-ac83-4f4dc5376410,Purchase,E-commerce,2099.56,Approved,Low,2026-04-07 10:55:23
41326385-a76c-4777-8fa7-4870f115b547,Purchase,E-commerce,690.74,Pending,Medium,2026-04-09 05:42:18
de9c899e-4e63-448c-b4ce-b5069e44ee13,Subscription,SaaS,4676.5,Failed,Low,2026-04-12 14:24:57
0dee719f-273d-4661-9d3b-dc0607067796,Subscription,SaaS,176.48,Pending,Low,2026-04-17 07:14:17
68daa648-a037-434b-8751-fe25ce82ab29,Refund,Fintech,3635.4,Failed,Low,2026-04-08 10:23:23
51d33f31-cd0c-49ac-9831-d572ff8fbb89,Purchase,Fintech,4939.5,Pending,Medium,2026-04-16 21:02:19
25f1b6ca-ac9a-4db6-b1e5-f2c0c49cb473,Refund,Fintech,4095.31,Pending,Medium,2026-04-11 15:07:42
e0c9a39d-73ea-4abb-932a-586b17ba427f,Purchase,Fintech,3453.83,Pending,High,2026-03-29 06:54:17
4f4f4364-e9ac-4fe9-a6d0-0c421414d832,Purchase,Fintech,3797.03,Pending,Low,2026-04-09 14:37:10
bba082d9-d90b-4a09-ab7c-0f5ebc7d9762,Purchase,SaaS,928.6,Failed,High,2026-04-24 14:30:26
1e118043-46ca-457c-accb-f69fd3de2744,Purchase,E-commerce,3933.6,Approved,Medium,2026-04-05 00:22:20
9075cdd8-5adf-4a70-a7c0-a26bfa31fed6,Subscription,E-commerce,3384.35,Pending,High,2026-04-24 22:55:00
77a8b56a-f6ac-41af-94a7-25ffbdb60805,Refund,Fintech,2808.39,Approved,Medium,2026-04-25 22:44:23
31cdaf2a-51cc-4b4b-9b5b-56280c697a9d,Refund,SaaS,279.37,Pending,Low,2026-04-07 02:30:45
9628033a-7178-4b25-a888-052a07122e7d,Purchase,E-commerce,864.28,Failed,Low,2026-04-11 03:05:15
5cd27215-b8b3-45c4-8560-eb48edccf74a,Subscription,SaaS,1068.31,Failed,Medium,2026-04-14 23:27:54
3758d9f7-74a9-443e-839b-c9ad93cd589f,Subscription,Fintech,1776.15,Approved,Medium,2026-04-05 09:20:37
adabf949-c393-4628-a2da-68da23871edc,Refund,Fintech,182.4,Approved,Low,2026-04-18 20:05:05
1c63c09d-826b-4320-a30a-4140b3dd48b8,Subscription,SaaS,4069.88,Pending,High,2026-04-21 15:54:25
a6278e00-43d0-4d1c-b3e5-958012ce8790,Subscription,SaaS,367.3,Approved,Medium,2026-04-25 05:32:25
d256f5d9-34c3-46bf-b132-88b18a1aea5a,Subscription,E-commerce,3263.79,Failed,Low,2026-04-03 23:29:03
33231593-e96b-49dd-877e-c3650c2a2d2b,Subscription,Fintech,2160.12,Failed,Low,2026-04-23 03:00:25
9b568d14-7332-425e-8f79-2123823d4467,Subscription,E-commerce,1507.75,Pending,High,2026-04-06 20:17:02
0c2d3af2-ef19-43d6-8a7b-d715e310a0df,Refund,SaaS,3558.47,Approved,Low,2026-04-03 15:58:34
55e6bcbf-f092-47dc-ac77-95ee56443428,Refund,E-commerce,1225.35,Approved,High,2026-04-02 22:06:15
e3bcba70-fe0b-4773-b7bd-a2fb93726f38,Refund,SaaS,2527.5,Pending,High,2026-04-26 05:58:55
a09ba32a-38fe-4c52-96b2-5245e85f1198,Subscription,SaaS,4852.25,Failed,Low,2026-04-03 17:28:15
c855c909-7d64-4581-ab08-d1dc603afa4d,Purchase,E-commerce,1926.17,Approved,Low,2026-03-30 12:51:12
855e7191-1fed-4fec-9e82-faafaaeb4fa6,Subscription,Fintech,4614.88,Approved,Low,2026-04-04 16:07:30
3340ae7c-44a4-46d9-ab78-833dc6d0223b,Purchase,E-commerce,1907.45,Failed,High,2026-03-31 06:56:04
cfa86236-9775-432d-afdf-98076451197d,Refund,SaaS,560.32,Pending,Low,2026-04-23 07:36:11
eee04871-59ed-431c-9dd2-aa19df44457b,Subscription,E-commerce,2922.7,Approved,Low,2026-04-07 01:24:11
47f09e43-ed5a-4463-8938-98058ec2dfda,Purchase,Fintech,2305.25,Pending,High,2026-04-04 10:46:44
e4b09583-0b6d-46fb-8861-c61fcd7331b8,Refund,E-commerce,4999.58,Approved,High,2026-04-20 13:19:34
96c21b08-2793-4a6e-a5aa-b9340c5e7ecb,Refund,E-commerce,3886.31,Pending,Low,2026-03-30 02:53:54
99d81191-5c53-4b98-afb6-398a81d4d659,Purchase,Fintech,4912.46,Pending,High,2026-04-12 12:38:56
2aea4cfc-8b7b-4d00-b62c-906b162139d5,Subscription,Fintech,1490.93,Pending,High,2026-04-27 05:58:24
13dbf331-373a-44d3-8e84-84b5cdf5ad19,Subscription,E-commerce,3488.97,Approved,Low,2026-04-21 02:35:48
1632ca7c-9579-4900-bef5-d0cc6f1e49b0,Subscription,E-commerce,2222.71,Pending,Medium,2026-04-25 15:08:16
41baacc0-46ae-4243-9c7a-525c1db0afd2,Subscription,SaaS,4750.54,Pending,High,2026-04-11 11:18:04
e331f7ad-5631-4876-ad9a-11de40db56a5,Subscription,Fintech,566.67,Approved,Low,2026-04-19 21:10:39
e40be48f-ced9-4606-b1da-15f11bd8675e,Refund,Fintech,4464.7,Approved,High,2026-04-02 11:38:57
b8738656-af58-431d-b41a-6eb48aac7648,Subscription,Fintech,1026.5,Failed,Low,2026-04-21 03:44:41
b3843fcb-eabf-419f-936d-2922101e360f,Subscription,Fintech,4051.66,Failed,Medium,2026-04-01 08:49:31
11719efa-2518-4a69-87b7-23dbc2591e69,Refund,Fintech,2289.42,Pending,Low,2026-04-06 12:52:03
39179429-aa19-4218-9040-96a219615ffd,Refund,SaaS,266.36,Failed,Medium,2026-04-12 11:26:57
51724d8c-5305-4596-b303-7ee137302efd,Refund,SaaS,1973.17,Pending,Medium,2026-04-14 18:45:43
94503dd4-b3bf-426b-a2fe-5660a1c2cfa2,Purchase,Fintech,976.2,Failed,Low,2026-04-03 02:52:53
ecb36c17-16ed-48c1-8e34-ff40cd121643,Subscription,E-commerce,3993.16,Approved,High,2026-03-30 22:35:05
2ed32b6b-8f9e-477b-baa4-813a7f3a0fe4,Purchase,E-commerce,1321.29,Pending,High,2026-04-20 06:52:58
482a8478-4a72-4770-9a47-74180b586767,Subscription,SaaS,3571.27,Pending,Medium,2026-04-21 22:20:21
5eab03f7-6faa-4956-9227-97c33349f528,Purchase,Fintech,743.8,Approved,Low,2026-04-09 11:52:55
9defb7ee-e937-49ca-a866-8e78532f041f,Refund,SaaS,3509.93,Approved,Low,2026-04-25 14:11:53
74669334-cca9-4834-b315-f36dfc618ca3,Purchase,Fintech,1347.43,Failed,Low,2026-04-10 09:06:57
8e4b4415-4bca-4654-99eb-c9f07982ae3c,Refund,SaaS,3803.75,Approved,High,2026-04-21 08:00:40
288caa18-d704-4725-b468-735cc847beb8,Purchase,Fintech,1978.73,Failed,Low,2026-04-16 17:19:50
bc3bf8a6-27a7-49ae-b02e-6918ea5229e3,Purchase,E-commerce,143.44,Pending,Low,2026-04-25 10:44:10
7d6bb719-69c6-4d7a-9375-6ff413a82dbc,Refund,E-commerce,3897.73,Failed,High,2026-04-19 12:53:55
0531eb56-9eba-4d3e-849a-a0f578111970,Subscription,E-commerce,123.19,Approved,Low,2026-04-25 16:26:40
91d6fcc9-6b3a-4a15-b5cf-e10b6900258d,Refund,E-commerce,3804.3,Pending,Low,2026-04-05 13:57:11
ebffe6f1-e120-461d-b093-dc550e11cb2e,Purchase,SaaS,1136.69,Failed,Low,2026-04-26 05:43:10
d36471c7-8f66-4e9e-aff9-2723993213ec,Refund,E-commerce,3336.01,Failed,Medium,2026-04-09 11:57:27
77353ca4-510d-412a-83cc-563c46eff103,Purchase,Fintech,3707.39,Failed,Low,2026-04-15 08:54:51
4e67b4f8-08b4-4c05-875c-5fb40c4ff098,Refund,E-commerce,4811.57,Failed,Low,2026-04-13 10:27:04
399c3838-5ff8-4341-9d45-a057e1ec23df,Refund,E-commerce,40.49,Pending,Medium,2026-04-06 23:56:28
6e007105-c2d5-4492-90ad-5e0d0af8ca66,Refund,E-commerce,3100.63,Failed,Low,2026-04-23 18:12:44
888cfee5-0bbc-4585-9418-c1b902fb852e,Subscription,SaaS,772.61,Approved,Low,2026-04-26 00:26:04
4c06de3e-bae4-481e-8801-8fbc32f921a3,Purchase,SaaS,3036.92,Failed,Low,2026-04-26 04:43:03
fd8497f9-671a-4b20-9c8d-28926e234854,Purchase,E-commerce,2379.04,Failed,High,2026-04-11 01:57:34
9952e60c-7cd1-4ede-bce0-66e70d66c2bf,Purchase,SaaS,3326.53,Pending,High,2026-04-01 05:44:26
d8479ede-6150-4b74-9b54-4617e9dbea88,Purchase,Fintech,1093.92,Failed,Medium,2026-04-22 14:33:43
4d54b29d-c063-4fcb-acc0-5520cebdc44a,Subscription,SaaS,652.08,Failed,Medium,2026-04-15 08:57:15
db132139-2524-43ab-bdb7-cd3c2d26923a,Subscription,Fintech,2459.58,Failed,High,2026-04-16 16:42:22
3abb823d-fc05-4834-9b49-c966932ce8e4,Subscription,Fintech,400.13,Pending,Medium,2026-04-21 06:25:05
4e1ff05e-f08f-4be2-bba0-409d2421e11e,Subscription,Fintech,3150.52,Approved,High,2026-04-03 22:54:55
2a04eb7e-a2ca-4be5-b994-9e07b53d023d,Subscription,Fintech,4549.28,Approved,High,2026-03-28 18:23:19
0de63c54-6b02-495a-b0df-8c6b15d55109,Purchase,E-commerce,524.36,Pending,Low,2026-04-07 10:41:37
c4f3c3a2-0537-46ca-9512-c48731596162,Refund,E-commerce,3044.85,Approved,Low,2026-04-12 06:12:59
b65957bf-8d7a-4fe2-8566-65784bef1011,Refund,Fintech,4845.04,Failed,High,2026-04-06 05:26:16
743cddd4-7f8c-4dd4-8c8a-013ae18d9af5,Subscription,Fintech,4031.23,Failed,High,2026-04-05 11:41:17
aacdb8f7-689d-4905-a75c-12b3ea6d0882,Subscription,E-commerce,3421.73,Approved,Low,2026-04-05 00:27:42
d509a494-406c-42e3-b986-27043e9cc56b,Subscription,E-commerce,874.75,Failed,High,2026-04-16 18:24:14
5d5b2382-13b3-4134-b18a-c53ae810ff6d,Purchase,Fintech,1355.23,Failed,High,2026-04-18 06:55:14
f82e7a54-b861-4bb9-8566-607cdba70d86,Subscription,E-commerce,4134.88,Failed,Low,2026-04-07 11:56:56
1fd92f7a-0a7f-4e44-9f28-4a65fd8bbc16,Subscription,SaaS,2547.55,Approved,Medium,2026-04-06 12:06:50
70d02d2c-af7e-4efc-811e-9e850384089c,Purchase,E-commerce,1447.73,Failed,Medium,2026-04-17 07:59:29
33f31129-52f6-485e-9cad-d5479d2d1ae5,Purchase,E-commerce,388.23,Approved,Low,2026-04-12 07:07:17
00b1277f-4794-4647-afd8-b97ec31aad98,Subscription,E-commerce,775.67,Pending,Low,2026-04-17 07:11:26
5c5e157f-dcd2-4485-a96c-0ea1cb56bab8,Refund,E-commerce,170.05,Approved,Low,2026-04-09 12:16:30
39023a27-a3c8-4620-a57e-796837128f90,Refund,E-commerce,206.61,Failed,Medium,2026-04-26 22:44:29
2271ebab-2d65-4ec6-a2a1-ed0a7ac86854,Refund,E-commerce,3519.31,Pending,Medium,2026-04-25 12:59:05
66c93585-56ad-4cfd-a26d-75230a85b34e,Purchase,E-commerce,2031.26,Pending,High,2026-04-18 05:06:47
76b82481-078e-4818-8f01-7b5ad86629fc,Refund,E-commerce,4369.01,Pending,Low,2026-04-25 15:58:51
e2349354-481a-46bb-9b69-7ceadf90fa37,Subscription,Fintech,2526.24,Approved,Medium,2026-04-19 20:22:48
8009724f-c823-4593-a602-ea22836d6314,Subscription,Fintech,4374.55,Approved,High,2026-04-21 13:22:26
bf77b51c-2968-4a50-8ac9-6342652a4ba1,Subscription,Fintech,4528.62,Failed,Medium,2026-04-08 13:37:30
a291feb5-aa67-410f-803f-069bbcd86b03,Subscription,E-commerce,3920.99,Approved,Low,2026-03-30 20:06:16
a37698d4-4f2c-4138-908a-49c840b11257,Subscription,Fintech,4932.18,Approved,Low,2026-04-22 05:32:02
62897b5f-4e80-4315-becf-1390d481f2a8,Refund,E-commerce,805.2,Approved,Low,2026-04-23 21:43:57
ae86738a-4090-4038-89f1-873b1e680094,Subscription,E-commerce,3316.29,Approved,High,2026-04-18 14:16:44
e4995a79-0a97-44a7-bb96-742c918fb804,Purchase,E-commerce,2396.03,Pending,High,2026-04-13 12:07:57
8ea71667-3fa2-4b6c-b9db-453d8e2212de,Subscription,Fintech,4431.57,Approved,Medium,2026-04-07 22:48:48
7b61e3dd-1746-445e-9b69-cd6e4892fa6b,Subscription,SaaS,4836.35,Approved,Low,2026-04-05 04:58:47
a2041a42-7554-4d09-9fb9-302d79e0a18d,Purchase,SaaS,1615.14,Pending,High,2026-04-08 04:22:18
7acfcc0f-b951-489e-aa25-49a4cc04c636,Refund,E-commerce,3978.27,Approved,Low,2026-04-02 02:12:25
079274b1-0116-4b86-8e1d-e2a5475e1c1b,Refund,E-commerce,4985.07,Approved,Low,2026-04-04 16:16:06
02422be4-9a0f-44aa-8ed7-b5562b793e05,Refund,E-commerce,4553.27,Failed,High,2026-03-31 13:49:03
d82aa10c-ab6a-4e26-9c9b-177c88151e2c,Purchase,E-commerce,1534.68,Pending,High,2026-04-09 22:44:26
7a17b748-90f2-4b92-8844-cdee483f5c90,Refund,SaaS,4759.02,Pending,High,2026-03-29 19:06:36
8d10cdb4-05d9-48f1-adcc-8a3306806227,Subscription,SaaS,686.44,Failed,Medium,2026-04-24 14:17:26
1047c731-ff83-4512-9ccd-59b506d4d33f,Subscription,Fintech,1117.99,Failed,High,2026-04-12 22:39:09
d8a9f239-ea0a-4d05-bf2d-cd53474a87a5,Purchase,Fintech,3458.86,Failed,Medium,2026-04-27 06:55:44
b4e56b31-32f7-4750-9020-abbedfc7b6fc,Subscription,Fintech,4953.84,Failed,Low,2026-04-22 23:52:42
d5df7ab5-2be5-4618-8cf0-f25edff1b0a5,Subscription,Fintech,2495.18,Approved,Low,2026-04-08 22:22:14
0429575b-fa5f-462c-9405-017f3fcf38ec,Subscription,Fintech,3024.17,Pending,Low,2026-04-13 14:28:55
a9a1fe95-48bb-4b97-96d0-1b6d444984bd,Purchase,Fintech,4457.94,Failed,Low,2026-04-03 23:45:05
5fbae72d-5fbe-403b-9b62-60c2f31e11f5,Refund,SaaS,136.28,Approved,Low,2026-04-05 18:29:38
b4f250ad-51d5-4fb8-8d94-63ef10bd6557,Subscription,Fintech,4981.21,Pending,Medium,2026-04-26 08:44:02
4483b4f1-941b-43a7-95c7-9a8a354758c3,Purchase,E-commerce,1407.57,Failed,High,2026-04-22 03:51:39
01c622b3-7f85-404f-924c-ff5364d2a3b7,Refund,SaaS,2502.77,Pending,High,2026-04-10 19:00:09
0ae42876-08a9-44c3-938a-2497541dbc40,Refund,E-commerce,440.11,Approved,High,2026-04-25 18:21:23
76970f49-4dc0-4bc8-a9cf-889e63ad31ce,Purchase,E-commerce,3340.44,Pending,High,2026-03-31 16:29:24
931cbbe8-2a46-4644-b6af-767ac716e267,Purchase,Fintech,3957.88,Pending,High,2026-04-26 19:50:14
cfacb5c4-18e3-4c39-9e3f-a1ab5d587be2,Purchase,Fintech,3434.21,Failed,Low,2026-04-07 00:12:50
a91d1cfd-9323-4d89-b470-01c87a766a4b,Refund,E-commerce,3735.57,Failed,High,2026-04-06 16:15:03
89718d17-4efd-4864-9b30-7490f2acc584,Purchase,E-commerce,4824.02,Approved,Medium,2026-04-13 23:42:22
c41bb603-0c61-48e3-a954-691dc49ac8c6,Purchase,E-commerce,206.97,Pending,Medium,2026-04-21 11:48:37
9572a34c-4dfd-490e-8676-cd36da32584e,Refund,SaaS,361.26,Failed,Medium,2026-04-26 21:31:17
295b7967-bf87-42d1-af6c-72e49f1e8373,Subscription,E-commerce,2429.76,Pending,High,2026-04-03 20:22:51
6e42742c-8ee1-40dc-9881-37f075a05fd4,Purchase,SaaS,1828.63,Failed,Low,2026-04-27 03:38:30
d63d4ed6-3f02-412a-a6ea-23753d833827,Subscription,SaaS,3337.94,Failed,Low,2026-04-20 17:03:09
7e54b6c4-d4cf-4073-a904-fc2a566b52c2,Refund,E-commerce,4459.15,Pending,High,2026-04-21 18:56:37
123fdca9-69aa-41ea-9ec2-59d3b6704caa,Subscription,Fintech,3075.3,Approved,Medium,2026-04-22 01:06:51
37d2be11-e67e-463b-adac-937adfa515e5,Purchase,Fintech,211.19,Pending,Medium,2026-04-12 13:56:13
0e441eb9-329c-4194-b88e-0859737d37f9,Purchase,SaaS,3148.95,Pending,Low,2026-04-04 04:05:58
9eab2d94-c60b-4e98-b5cc-1bac4cfbb7bb,Purchase,SaaS,1854.89,Approved,High,2026-04-26 22:09:40
74029ab3-4e67-4a50-ac5f-9d706a86ca83,Subscription,Fintech,1569.19,Failed,High,2026-04-15 18:11:17
dd91a9fe-47e6-4ecc-a04d-1c3f9e408825,Refund,SaaS,3002.84,Pending,High,2026-04-11 09:01:58
73c23112-abd2-4b89-aded-95edd5874a1e,Subscription,E-commerce,4067.26,Pending,Low,2026-04-20 21:53:36
7eb92fc4-1629-4dc0-a800-25f6c496221a,Purchase,SaaS,3892.24,Approved,High,2026-04-25 16:45:24
67e10d38-4ea5-4cf0-a2a1-5c19d4f77e6c,Purchase,E-commerce,2594.64,Failed,High,2026-03-28 23:05:19
ab32d891-1d4c-4632-ba40-036e8fae360e,Refund,Fintech,4378.63,Failed,High,2026-03-30 01:54:04
9c21c763-1d30-418a-bb46-972c412e281f,Refund,SaaS,949.92,Pending,Medium,2026-04-01 14:49:38
68aa1fae-6a3f-42a1-9934-41213e43016b,Purchase,Fintech,4861.21,Pending,High,2026-04-19 13:51:48
2b7d4697-22ca-4801-bbc4-25819c69c368,Subscription,SaaS,3416.24,Pending,Low,2026-04-13 08:12:04
e2a9aa15-82fb-4c5b-8919-dd948c5185b6,Subscription,SaaS,692.76,Approved,High,2026-03-28 20:39:37
0724cd51-c5e1-4566-ab2d-c12c00b89847,Purchase,SaaS,2649.29,Pending,Low,2026-04-13 19:12:13
279a42f5-f636-451a-9ab8-01ee1511ff73,Purchase,E-commerce,4845.42,Pending,Low,2026-04-21 14:01:24
87a250e8-448f-4ad9-81b7-88718c863266,Subscription,E-commerce,81.99,Approved,Medium,2026-04-16 03:53:47
cda218bf-4749-47f1-8b4f-60f55d836194,Subscription,E-commerce,4363.94,Approved,High,2026-04-21 07:46:40
cc03cb01-2642-4836-bb47-dea8eb8d68c2,Refund,SaaS,2973.86,Failed,High,2026-04-17 21:40:29
1b7e9882-e486-4e47-8b77-db48fa2cc1c3,Refund,Fintech,3932.14,Approved,Low,2026-04-24 01:29:36
b3dcede6-8853-49e9-ac55-15c2ca8bf292,Refund,Fintech,709.23,Approved,High,2026-04-06 08:33:32
0a3df2f9-986f-4f21-9686-59f18d2bda6b,Subscription,E-commerce,632.36,Approved,Medium,2026-04-03 03:19:43
90cf628c-8ef3-41ce-aac3-225ca704f107,Subscription,SaaS,3634.34,Failed,High,2026-03-31 21:46:36
ba1b2064-7d97-48cf-9453-1faab0e2e783,Subscription,E-commerce,2054.8,Pending,Medium,2026-04-14 20:45:18
110ac6a7-2472-4e6e-8a0f-994c115a5b4c,Purchase,E-commerce,1902.05,Approved,Medium,2026-04-27 06:48:10
eccca8e1-fdea-4381-b83a-8f664ff07c79,Subscription,E-commerce,1025.85,Approved,Medium,2026-04-21 10:44:55
29377f36-3325-4091-bb40-a95da5dd3825,Refund,SaaS,4714.29,Pending,Medium,2026-04-02 08:08:25
084ea5ed-7471-444c-8760-edaba4681824,Subscription,Fintech,3032.27,Failed,Medium,2026-04-14 14:29:53
ecb559c3-4226-4bdc-9c37-3b7bcae0485e,Purchase,Fintech,2683.28,Pending,Medium,2026-04-25 18:15:05
7d59c89c-4823-449f-9196-781331b9f2b6,Refund,E-commerce,75.88,Approved,Low,2026-04-20 15:16:04
07f81005-2eff-468f-b8a0-bbd4fe4bdf9f,Purchase,E-commerce,2929.9,Approved,Low,2026-04-16 09:24:28
09e79069-4db0-4c42-8b17-3ebf49173832,Subscription,E-commerce,3366.1,Pending,High,2026-04-03 05:18:55
595e063c-c9f7-4f3b-b58d-439525e86355,Purchase,Fintech,2373.76,Approved,Low,2026-04-26 15:08:31
d834b995-9e65-4800-b92d-38ff6748049b,Purchase,E-commerce,4235.64,Pending,Low,2026-04-01 12:24:54
796f9e2b-33c4-4bc4-abf3-88c519f832b5,Purchase,SaaS,842.74,Pending,Low,2026-04-04 19:10:24
91846fac-3afa-4c0c-96f6-6c9a1602948d,Purchase,Fintech,3054.31,Failed,Medium,2026-04-10 09:28:33
4711e3d6-fee5-435a-b91e-35fd09d241f9,Refund,SaaS,4575.24,Failed,High,2026-04-03 02:57:49
4cfb963f-b1e6-4dd7-b345-6a9119d65bb8,Refund,SaaS,527.32,Failed,Low,2026-04-02 11:15:51
757e67ba-19db-4049-b535-b9fa06f1630a,Subscription,Fintech,2104.7,Failed,Medium,2026-04-02 13:56:03
3a56911a-b52f-4b42-bf09-2cb6d22572a0,Subscription,E-commerce,3411.88,Pending,Medium,2026-04-22 20:14:57
862681aa-2b80-4de5-b308-109bce49d601,Subscription,SaaS,2976.6,Pending,Low,2026-04-22 12:14:58
067b20fc-543f-43cf-9ae3-001d49a051df,Refund,E-commerce,4892.16,Approved,High,2026-04-23 15:20:22
ad122909-efd9-496a-8325-49c84d3321cc,Subscription,Fintech,1810.6,Pending,Low,2026-04-21 02:27:14
7572ebf9-4740-4b29-92ae-7176ed95c74a,Purchase,E-commerce,4368.85,Pending,High,2026-04-18 21:52:41
62b20251-be63-498a-a651-1575a3eea417,Purchase,E-commerce,1269.05,Approved,High,2026-04-09 02:19:44
35880332-4650-4715-9828-2ac7f84dd0c5,Subscription,SaaS,4983.65,Failed,High,2026-04-10 02:40:28
9417d62a-325c-4749-bd4f-8fbbeda0c557,Refund,SaaS,2963.03,Failed,Medium,2026-04-25 07:23:53
0da2e3cd-27b0-402e-bbfc-a708b0e3ed57,Purchase,Fintech,1569.27,Pending,High,2026-04-21 00:34:28
8b70acf2-bfef-48c8-b176-bc3eda9f116f,Purchase,E-commerce,2007.58,Approved,Medium,2026-04-24 15:38:19
33129d29-69dd-454d-8f60-040722b808a1,Refund,Fintech,1657.23,Failed,Low,2026-04-26 19:28:26
fafa517b-06d6-46ed-894a-8c6fa8ae39ec,Subscription,SaaS,4171.53,Approved,High,2026-04-20 22:40:53
5825a886-f60e-4cc5-a927-bd15daaff46b,Refund,Fintech,3807.02,Failed,High,2026-04-18 08:38:33
5944f1e4-3231-4859-b784-135d58a5e9e8,Subscription,Fintech,4932.27,Failed,Medium,2026-04-03 06:38:33
e6e991f2-621b-41f5-9878-24bfe35e09f7,Refund,SaaS,1027.96,Approved,Medium,2026-04-21 11:06:20
fc6b6ba1-b5cf-491d-8caf-8e78fe55b744,Purchase,Fintech,3803.44,Failed,High,2026-04-26 02:08:41
1bff7364-8db4-45af-86f1-750a510cd8a0,Subscription,E-commerce,1514.41,Pending,Medium,2026-04-24 16:49:02
2888c66e-3e10-4c19-92c2-f165b6cd127c,Subscription,E-commerce,2898.98,Pending,Medium,2026-03-31 19:29:24
fb26b025-6fca-4f4a-8987-e06fef53404b,Refund,E-commerce,1331.7,Pending,Medium,2026-04-05 23:10:47
9062b372-a9c4-441e-8de9-5f959c468b76,Refund,Fintech,3067.93,Approved,Medium,2026-04-07 06:04:16
0493bd02-6293-47fe-b48a-3d5901927bdc,Subscription,E-commerce,2500.96,Failed,Medium,2026-04-25 20:20:55
d3660f5e-57c8-4b4b-9ce3-c56e3fdc2a91,Subscription,Fintech,2846.12,Approved,High,2026-03-29 19:23:22
c62eaa87-9ed3-4ce5-984c-bedac76a2c61,Purchase,Fintech,3177.22,Pending,High,2026-04-21 07:37:11
0c7a03e3-ba9c-4e8a-8b19-40b8b3013381,Purchase,E-commerce,4655.32,Pending,Medium,2026-04-24 05:15:02
d18f3d77-91ab-4f86-a50c-8df3694a6060,Purchase,Fintech,1407.38,Pending,Medium,2026-04-12 01:19:05
b9654a9d-0272-46cb-9363-497dc9c0f598,Purchase,E-commerce,2725.73,Failed,High,2026-04-22 14:04:34
3ed9ac8c-df2d-4c0f-b230-26b69860e335,Subscription,Fintech,3110.64,Approved,Low,2026-04-19 04:18:04
7f29ba85-c132-4b97-865f-4014aa6cd93c,Refund,E-commerce,163.12,Approved,Low,2026-04-11 11:55:30
5cfb4d90-8dc9-4b94-9f7c-8c7c3e093371,Purchase,SaaS,731.8,Failed,Low,2026-04-09 06:53:54
6b19f997-478b-457b-b632-68f7332dc6a9,Purchase,SaaS,1884.48,Pending,Low,2026-04-18 17:01:12
2665f5d9-b1fa-4f09-bbe7-64478bcdcca9,Subscription,SaaS,2179.68,Pending,High,2026-04-12 22:06:11
90eee996-8423-4011-8fe3-f4eb89f1606e,Subscription,SaaS,3754.45,Approved,Low,2026-04-14 12:27:10
6a22c889-4afa-41c9-8241-c6ff9c87b88d,Purchase,SaaS,2437.11,Approved,Medium,2026-04-19 02:50:28
a13f0192-dcce-4755-94d6-ce0f96a0837f,Subscription,Fintech,4377.79,Failed,High,2026-04-16 13:27:08
ed67740b-619e-4dff-bc5e-5ca16a757cd7,Purchase,SaaS,4124.19,Pending,Medium,2026-03-30 22:25:24
41fa36e1-293a-48ee-8341-cb86cbce248a,Purchase,SaaS,3888.66,Failed,Low,2026-04-08 13:15:37
a2cc85df-dfe6-489c-9e12-baee40ee7496,Subscription,SaaS,1317.94,Approved,Medium,2026-04-14 15:45:08
e0b726ae-65da-4ad7-976e-f958713b2bd9,Refund,Fintech,4308.63,Pending,Low,2026-04-08 10:43:16
b179aded-01d4-40a1-b6b4-a79a345b6fd6,Subscription,Fintech,3305.71,Pending,Low,2026-04-17 11:30:25
bb5bb079-e57b-4965-a3e0-830d86703f1c,Subscription,Fintech,3053.98,Pending,Medium,2026-04-09 12:05:19
c585028f-e90c-4a65-9d10-7f433c864cb8,Subscription,E-commerce,2256.65,Failed,High,2026-04-02 01:42:01
707f29a0-c160-4318-a645-8689da4259b5,Refund,SaaS,3233.81,Pending,High,2026-04-27 05:22:19
f7cfc921-5315-42a1-9105-442e0be1b383,Subscription,Fintech,3322.61,Approved,Low,2026-04-26 20:28:19
6dc85cd2-0013-4fd0-b27e-9f0695c8361d,Purchase,Fintech,875.66,Approved,Low,2026-04-10 13:47:12
586e0265-1f7d-48a1-ad43-1f17c6ebe0eb,Refund,E-commerce,3960.72,Approved,Low,2026-04-15 16:18:05
d08265c3-1348-4084-93e3-e6f6e874215c,Refund,Fintech,2108.49,Approved,Medium,2026-04-26 14:46:10
6b249f25-74b9-49fb-901d-59f6853baf1e,Refund,E-commerce,1219.13,Failed,Low,2026-04-07 07:39:03
4af268d2-a447-49e6-b0d8-a1cb0cfd3750,Refund,E-commerce,4939.85,Pending,Medium,2026-04-15 05:26:49
e5220300-aad6-4a87-b38b-743fb8476884,Refund,Fintech,61.7,Pending,Medium,2026-04-07 17:50:38
96e2228e-8a2e-4413-af03-1f4fdfe606cb,Subscription,SaaS,3939.97,Approved,Low,2026-04-05 01:38:40
49200b3f-b3b0-4f85-b1ff-2e2b0514ad47,Purchase,SaaS,895.96,Pending,High,2026-04-08 01:46:09
ac444e61-52ba-44a3-9639-fb312f9a37d5,Purchase,SaaS,2378.13,Failed,High,2026-04-19 14:45:08
b45e074a-6ffb-491a-bfcd-5cf99738f870,Refund,SaaS,121.71,Approved,Low,2026-04-02 21:33:07
94321b18-dd60-4676-a7df-c1268965d802,Purchase,SaaS,2066.05,Failed,Low,2026-04-11 21:41:31
06cb37a3-5a5a-477a-8f74-44cfb6b0516a,Refund,SaaS,4668.9,Failed,Medium,2026-04-22 16:30:36
6afeb456-ce80-4d0a-8fae-3923c21d7788,Subscription,E-commerce,2592.06,Failed,High,2026-04-12 22:21:08
a897999f-467d-45b9-9608-1b64414629a4,Refund,E-commerce,3149.43,Failed,Low,2026-04-18 02:35:19
cfa77781-4b32-41ff-9139-e19c85dceefc,Refund,Fintech,2582.43,Approved,Medium,2026-04-20 17:55:35
9f210279-57d1-41c0-a464-f0817c98c892,Purchase,E-commerce,2971.5,Pending,High,2026-04-11 22:58:17
8d9ee5ce-6a37-4a26-999f-79c32b671e2f,Purchase,E-commerce,3920.27,Approved,High,2026-04-17 06:58:10
32bd5807-5c90-4896-b657-bbc6d17d7090,Subscription,E-commerce,4311.15,Approved,Low,2026-04-19 12:25:34
d3f680bd-2ab2-4822-b535-b5ba67671eb1,Purchase,SaaS,4888.86,Failed,Medium,2026-04-18 11:14:36
4fc754a2-763c-47e6-8a8e-97086957c9fd,Purchase,SaaS,2437.9,Pending,Medium,2026-04-02 12:03:21
bc58778c-b43d-40b2-9aa5-26f0dfa2e2eb,Refund,SaaS,472.5,Pending,High,2026-04-03 04:22:41
16e337c4-00c1-44d7-8157-38b9f26ab468,Refund,Fintech,4064.2,Approved,Medium,2026-04-01 17:03:32
36597ae0-c8d2-4b24-a33c-c65c72ce0702,Refund,Fintech,4509.25,Failed,Low,2026-04-02 22:57:45
0fc816d7-6742-44a9-89ff-b12eb4a85383,Subscription,E-commerce,4959.47,Approved,Low,2026-04-10 08:38:51
aca7703c-c61c-43c6-b9ee-c9cde555858a,Subscription,Fintech,271.73,Approved,High,2026-04-03 21:45:00
7da64798-07a4-4851-83b9-d8c640c91b5a,Purchase,Fintech,1193.66,Approved,Low,2026-04-23 18:06:30
de3d0265-3023-4844-9b81-12986487c327,Refund,SaaS,609.87,Failed,Low,2026-04-11 09:02:28
8d657d50-cf46-441d-897b-1d3fb8b339e8,Subscription,SaaS,4806.5,Approved,Low,2026-04-13 08:47:58
71fe9e5a-4e0c-441d-85b5-7a07f79ccfb4,Purchase,E-commerce,3546.43,Failed,High,2026-04-09 02:39:47
3215fe69-ff18-4ac7-afa5-4806dcb9dd1b,Purchase,Fintech,3606.14,Failed,Low,2026-04-27 05:21:16
c80e87e6-a3f8-49e1-84d7-fdb478fb38f0,Subscription,SaaS,2808.13,Failed,Medium,2026-04-08 04:21:40
56a1c014-4b07-4da5-801d-7234dd707d0b,Subscription,E-commerce,1543.65,Approved,Medium,2026-04-23 20:48:31
d04b5b8b-50da-47b6-82bd-cdde3c61c686,Refund,SaaS,1349.53,Pending,Low,2026-04-13 21:09:50
fde69c8f-e048-4f79-98e5-351eafc37d7a,Subscription,E-commerce,2088.4,Pending,Low,2026-04-09 14:28:48
a021e104-f782-411f-a566-f895c6cc13eb,Purchase,E-commerce,367.17,Pending,Medium,2026-04-08 00:41:30
41b431fc-04fa-43d0-86e2-4ca28e61dd8b,Refund,SaaS,2118.85,Pending,Medium,2026-04-12 15:15:48
cb4e0dbc-44a5-48f3-ad67-76cc92c5cc6d,Purchase,Fintech,2093.97,Pending,Low,2026-04-14 14:24:44
55a8a652-8bd8-46d9-8e39-75efe8efaf04,Purchase,E-commerce,579.75,Pending,Medium,2026-04-11 02:49:23
c671793a-ebdd-4976-9655-3f13424b6ade,Purchase,Fintech,4288.39,Approved,High,2026-04-10 15:57:11
058345a8-5909-45f9-a7b3-e8cc5f004ca9,Subscription,E-commerce,175.87,Failed,Medium,2026-04-21 10:55:02
5995518f-2287-465d-8433-51be28667482,Purchase,E-commerce,185.64,Pending,Medium,2026-03-28 17:51:17
c7b9de8f-6f6e-4b34-8b76-7a6c756ac697,Refund,SaaS,3484.23,Pending,High,2026-04-12 06:57:12
93e97fc9-e99c-47f5-9939-cb7a28da2f8b,Subscription,Fintech,4437.49,Failed,High,2026-04-07 23:29:59
b6f1e9c9-9e41-474b-bb6c-153af3adff9e,Refund,SaaS,3646.92,Pending,Medium,2026-04-16 17:36:32
09746af1-e741-439b-941e-26a88e7a9d0e,Purchase,SaaS,3801.82,Approved,Low,2026-04-07 22:16:27
4786c14c-507b-4ef9-bec3-7a8796b43a87,Purchase,Fintech,1798.8,Approved,High,2026-04-17 09:05:03
c10e0e56-aa09-4dd3-b2e6-cec905737d9d,Subscription,E-commerce,3895.69,Pending,Medium,2026-04-19 02:41:57
ea32e86f-7374-405b-b7d1-548ff80915ba,Subscription,E-commerce,2117.68,Failed,High,2026-04-14 04:15:14
2ace8953-eb8b-42b3-8ebb-6081df92ce69,Refund,Fintech,2037.42,Approved,Medium,2026-04-22 17:08:08
a7f0a5ed-b00c-4cfe-810b-39c65ff030e1,Subscription,E-commerce,474.09,Failed,Low,2026-04-24 10:53:29
6bfac388-3c8d-4f59-9009-d3d92543b545,Purchase,SaaS,1796.72,Pending,High,2026-04-27 11:57:33
3b5071f1-b3b4-4187-be94-3de32ee209a4,Subscription,E-commerce,2779.75,Pending,Low,2026-03-30 08:11:43
59c85ff2-ae64-4495-897f-e13b6b79361a,Subscription,Fintech,2179.99,Failed,Low,2026-04-15 17:01:32
2c674c31-20a5-4fae-a4fb-ac9954358944,Refund,SaaS,3260.84,Approved,Medium,2026-03-29 02:29:34
c8b4fb2a-95c0-41e2-8cc3-4b54009ce52a,Subscription,SaaS,1321.09,Pending,Medium,2026-04-17 08:44:09
5cdcaf63-e6b2-4237-aacf-68cb3b6e82ae,Purchase,E-commerce,4970.95,Pending,Medium,2026-04-04 06:39:25
39fe5e53-36f8-49fc-8f19-c4c69c7fa9e2,Subscription,E-commerce,2083.11,Failed,Low,2026-04-20 01:20:19
a73e3bf2-fd43-4bd8-b4f4-b6a988cddce7,Purchase,E-commerce,1871.39,Approved,Low,2026-04-13 04:59:56
b9bde26b-5448-4e39-81df-d862163c1783,Subscription,E-commerce,2709.23,Approved,Medium,2026-04-06 05:38:15
263bf43b-61f9-4c8d-9012-2b21c45e7512,Refund,Fintech,4609.86,Pending,Low,2026-04-08 21:06:46
2e6b7401-e279-4191-bb4b-b8c72f6f54b7,Refund,Fintech,3100.2,Pending,High,2026-04-20 00:12:14
70368880-b187-4cf2-9804-c660c097f530,Purchase,SaaS,2017.28,Approved,High,2026-04-24 14:30:20
dee3b2e7-1068-4a06-a577-e82f18f342e9,Refund,Fintech,3161.29,Pending,High,2026-04-20 17:09:56
baf65c21-3a08-4b02-83e7-90e5c5c8df75,Subscription,SaaS,1669.31,Approved,High,2026-04-08 13:32:53
a46ad7dd-4faa-49ef-8739-dd723ccbc5fb,Refund,SaaS,2841.73,Approved,Low,2026-04-09 14:05:19
5430f0fd-17ee-4689-9808-a27a84ab8490,Refund,E-commerce,2197.26,Approved,Medium,2026-04-09 17:27:55
e89198ed-cdfe-4824-8726-c483a7ebf9ea,Purchase,SaaS,524.66,Failed,High,2026-04-14 09:18:51
9b8b53ee-a161-466e-bc9e-768ae00fe811,Purchase,SaaS,2922.96,Approved,Low,2026-04-14 15:49:19
26007a2c-4895-4f90-be4b-0a5a67f3046f,Subscription,SaaS,75.13,Approved,High,2026-04-23 11:04:59
81f00b7a-132d-4929-8f38-0d415df49dd8,Refund,E-commerce,1471.44,Failed,Low,2026-04-24 16:33:33
ce8fb8f5-3946-4ce2-b290-8f480a29c805,Subscription,SaaS,821.17,Failed,Low,2026-03-29 08:29:35
1840326e-77f0-4feb-8ca3-cad675e3348a,Refund,Fintech,3221.63,Failed,High,2026-04-15 16:10:13
186d353f-ffe2-47b6-a619-c3ef23320092,Refund,SaaS,4699.51,Failed,Medium,2026-04-12 11:28:47
91c22b7c-1cfa-4248-80d7-948b00528468,Subscription,SaaS,1777.4,Approved,Medium,2026-04-15 02:08:26
7244244a-9952-4fdf-a2e3-8130da24e585,Purchase,Fintech,178.84,Approved,High,2026-04-27 07:00:04
35563a94-773b-4d1a-9b6f-e2cd6fbf8094,Subscription,E-commerce,3186.54,Failed,High,2026-04-11 04:34:30
741b1bab-588d-46fa-88d8-def2a3a9e059,Purchase,E-commerce,1062.66,Pending,High,2026-04-11 09:28:52
95791f8d-85ef-43a4-9598-11bded03d9fb,Subscription,E-commerce,542.77,Approved,Low,2026-04-01 12:16:07
bd018d4d-bc03-453d-af42-cbdfd29c04d6,Refund,SaaS,3971.37,Approved,Medium,2026-04-15 06:43:27
4df70423-2c41-434e-9b53-f48344e3d0b4,Subscription,E-commerce,3871.76,Failed,High,2026-04-06 03:29:37
a7b03820-3b40-48cf-a922-f5acce0dc85a,Refund,E-commerce,135.85,Pending,Low,2026-04-10 13:47:04
2b9db768-dacb-4261-8ccb-543a645eb6d2,Refund,E-commerce,2606.7,Failed,Low,2026-03-31 07:12:09
3508b54e-8e01-426b-84ec-ad2261611794,Subscription,SaaS,3929.62,Approved,Medium,2026-04-05 12:03:11
7b56706d-c22b-4a0c-8744-aac0ea2a0e86,Subscription,SaaS,3965.7,Failed,Low,2026-04-06 01:03:33
8cf797ef-fba1-409b-9c22-2c708fe0674d,Subscription,Fintech,1945.28,Pending,Low,2026-04-25 18:19:35
384078b8-650d-45be-8e12-f86d7346889e,Refund,Fintech,260.66,Pending,Medium,2026-04-05 21:00:54
35e69103-c20c-435c-9b8d-1670bb769c3b,Refund,Fintech,4202.75,Approved,Medium,2026-04-04 10:15:26
a2a2d733-524b-482d-a746-c5d038879f55,Refund,SaaS,1349.89,Pending,High,2026-04-07 05:19:11
e89a1520-f557-4042-8d6b-c3dc702d224b,Subscription,SaaS,2635.7,Approved,High,2026-04-14 12:38:57
bceb8d17-2962-4890-9381-e5154bfa9874,Purchase,E-commerce,1712.67,Pending,Medium,2026-04-24 12:51:15
6c27e123-3fca-48fe-a221-8480e13ccd4e,Subscription,E-commerce,3392.04,Approved,Low,2026-04-14 07:03:19
fc030238-7795-4cd2-9994-7baa240ce87c,Purchase,E-commerce,2268.62,Approved,Low,2026-04-24 12:38:24
bfe5137d-b564-4dfb-a399-b51f6b8a459a,Purchase,Fintech,2108.98,Approved,High,2026-04-22 17:55:31
00fb6b4f-9ffe-4949-a946-978135d5bbe1,Subscription,Fintech,2473.1,Failed,High,2026-04-12 10:45:10
c1277a2c-9834-4c74-94c9-aac49f74d924,Subscription,E-commerce,4003.09,Approved,High,2026-03-28 18:04:08
0643f190-bd17-483c-8906-aced107f83bc,Subscription,E-commerce,4621.11,Failed,High,2026-04-07 17:00:03
108af64e-abd1-4990-963f-ae3ae25ecdb6,Refund,Fintech,883.59,Approved,High,2026-03-30 10:11:49
72fdc6b5-e1fd-4e11-937d-d6c201dbd4c0,Refund,E-commerce,4154.94,Approved,High,2026-04-14 02:49:04
73be72f6-247e-4827-96b0-ebed130093ab,Refund,SaaS,1660.18,Failed,Medium,2026-03-31 07:34:10
04917b97-80c6-4799-8d8e-7904fd9399aa,Subscription,E-commerce,824.5,Pending,Medium,2026-04-06 13:31:08
76561cc9-d35c-4b7b-83b2-3ef737331e59,Refund,E-commerce,4427.94,Failed,Low,2026-04-14 22:57:15
ed1833c2-3e17-436d-b845-2c877b477d12,Purchase,E-commerce,2433.68,Pending,Low,2026-04-01 02:15:48
e5abf458-51d2-45d1-b7fd-0afe386289c1,Purchase,SaaS,1761.48,Approved,Low,2026-04-26 15:34:19
e5e39f92-b530-4adf-982a-b71337cad429,Subscription,Fintech,2784.9,Pending,High,2026-03-30 02:05:53
57b55342-2f44-42de-8fcb-c6e0d324e504,Purchase,E-commerce,1204.96,Failed,High,2026-04-13 06:37:14
7c3041ca-64ee-4337-adf8-e7a9d716107e,Refund,E-commerce,2211.33,Approved,Low,2026-04-11 14:03:05
1f00a842-9f01-4b09-83a7-f63f92481f68,Subscription,SaaS,2206.98,Approved,High,2026-03-30 06:56:45
f8f90ec3-25d0-440c-a71d-c0f203527871,Refund,Fintech,12.11,Failed,Low,2026-04-10 17:21:54
a525da16-c6b2-40e2-9263-3b82211e8742,Refund,Fintech,1951.67,Failed,Low,2026-04-12 02:15:09
68e70525-c837-456b-b7e9-6c1a81c8a7b3,Subscription,Fintech,2855.41,Failed,Low,2026-04-12 06:15:32
14b72228-662d-4088-b809-ca00c9767955,Subscription,Fintech,3429.82,Pending,Medium,2026-04-20 21:09:41
4eff9eff-c367-4d56-a3a0-a99ad503165e,Subscription,E-commerce,703.72,Approved,Low,2026-04-13 07:09:45
17327296-37e8-4e2c-812b-cc3ff06bc68d,Subscription,E-commerce,4795.35,Approved,Low,2026-04-22 01:47:30
ebc04c71-2435-4ceb-8c74-151d5e194651,Subscription,SaaS,2002.65,Pending,Low,2026-03-29 07:10:38
b460110f-eafe-4823-9210-f9c4bcaca630,Purchase,SaaS,531.86,Failed,Low,2026-04-20 23:52:51
1347ab38-e5cf-4695-987f-c246ee84964f,Purchase,SaaS,2275.02,Approved,Low,2026-04-05 14:26:58
2d04f4e9-3f98-476a-b63f-09ffd2315a83,Purchase,E-commerce,3661.35,Failed,High,2026-04-11 23:29:07
298c99f9-8d1d-4d95-8144-3239c58a9436,Refund,Fintech,1853.24,Approved,Medium,2026-04-25 01:11:57
068b4dff-53d6-4d2f-b60f-d7ee51562181,Refund,SaaS,146.54,Approved,Low,2026-04-02 11:39:23
c9fa841a-5e29-4185-ba64-845d682863e3,Purchase,SaaS,3610.38,Approved,Medium,2026-04-16 02:45:54
90cac9ae-73cc-47b5-b52d-09f9077968cc,Subscription,SaaS,4043.57,Failed,Medium,2026-04-17 11:14:52
39e7c345-12f2-4d1a-86a0-0c2b32976d2f,Refund,SaaS,3863.78,Approved,Low,2026-04-12 08:08:13
1cfb0a56-aabb-4f4f-980d-2cc0295179ff,Subscription,SaaS,2969.31,Pending,Medium,2026-03-30 08:43:03
f7a68f85-4ff6-4214-b5c2-953b1f084459,Purchase,E-commerce,3509.68,Failed,Medium,2026-04-12 03:53:57
b7b1c9c9-8728-4a13-bea7-7e4fa20cb1b5,Subscription,SaaS,1679.62,Approved,Low,2026-04-24 23:10:43
efa1358f-9aca-4b10-939f-76a1d2b3ccd0,Purchase,Fintech,96.83,Approved,Medium,2026-04-16 05:16:08
84ed40d4-495a-47ac-9846-c0d8abf01105,Purchase,SaaS,4294.23,Failed,High,2026-03-31 09:47:51
e0e88c8c-5a92-4e63-b1b0-612bc6c73b71,Subscription,SaaS,3476.31,Pending,Low,2026-04-12 03:10:33
b9a188c5-6af2-43c9-aedf-fc582519ae53,Purchase,SaaS,1901.91,Approved,Medium,2026-03-31 01:44:12
9ae10795-8d1a-4dcf-9b3e-1734283156b3,Subscription,E-commerce,3838.96,Failed,High,2026-04-18 03:11:55
16d7eaec-92ed-4466-97a2-45c9762f1b9d,Subscription,Fintech,4812.67,Pending,High,2026-04-23 19:42:28
f37fad6b-16c9-4d7e-a1b9-a4936013362d,Refund,Fintech,1586.87,Failed,High,2026-04-22 21:12:00
726935b3-6984-4f66-bfe1-f37ffccb80a8,Purchase,Fintech,2709.26,Pending,Low,2026-04-17 20:08:19
35e2000b-a224-4595-a5f8-989eec163a6c,Purchase,Fintech,2720.06,Pending,Low,2026-04-11 13:35:19
46bd9af1-c7b7-4e60-aa29-4fc64b69ab83,Purchase,SaaS,4044.07,Pending,High,2026-04-19 21:48:38
91fb9dd3-a899-4f70-8d12-a2022f4d3bea,Subscription,E-commerce,659.86,Pending,Medium,2026-04-09 05:10:14
a07f97ee-4c19-4911-8cfa-6758a3fbaa51,Purchase,E-commerce,4983.93,Pending,High,2026-04-26 11:29:56
18fb3bb7-7c79-43f5-830c-22970cb9165f,Purchase,SaaS,2485.25,Failed,Medium,2026-03-31 04:59:49
7ccdd797-59a4-4d74-aafa-034ef373f98c,Refund,Fintech,1515.36,Pending,Low,2026-04-08 14:29:15
5f8a0ddc-93a7-4ad4-8535-0e8650c45b4a,Purchase,E-commerce,2591.64,Pending,Medium,2026-03-31 04:15:44
2fcd0bd2-1a2d-4cdb-8ce0-7dacf643c046,Purchase,E-commerce,3472.94,Pending,Low,2026-04-15 13:25:40
2ea7f4f5-2cd8-467d-812f-a985902c1b5e,Refund,SaaS,220.75,Failed,Medium,2026-04-24 02:02:47
8d88dc71-db90-44e2-a02f-ae6ac4eb2d1a,Subscription,SaaS,605.05,Failed,High,2026-03-28 13:22:44
808d9dda-2a82-497f-bd51-8882c1a257fc,Refund,SaaS,2879.91,Approved,High,2026-04-27 02:31:11
aa16a16d-d156-4e39-a4e1-08b08c136e31,Refund,SaaS,3940.55,Pending,High,2026-04-19 23:07:06
35f874be-8e62-487c-bb16-f6ee1f18ea39,Purchase,E-commerce,3219.89,Pending,Medium,2026-04-05 15:17:21
2b42d82b-2e5f-4d4d-a3d7-33ce604498e4,Subscription,Fintech,3248.95,Failed,High,2026-04-03 21:34:17
ca05be25-0ba3-47b4-b6b2-3271f0196ba1,Subscription,E-commerce,1859.6,Failed,High,2026-04-05 02:22:08
6620f16c-bba0-4c0a-8ed1-052885ed1f04,Purchase,Fintech,794.81,Pending,High,2026-03-28 17:47:57
537c941b-37d5-4ec9-b8f4-df496e24e489,Refund,SaaS,4118.45,Pending,Medium,2026-04-13 17:41:50
5c471f82-b1cc-43fc-955d-c8a08ef76c4c,Purchase,Fintech,2749.62,Pending,Low,2026-04-20 12:53:09
8549907b-91ea-459b-acf4-c5cd6b36a414,Subscription,Fintech,614.31,Pending,Medium,2026-04-14 16:09:20
13fd0e7d-683d-41f5-a295-4dc29e927b7f,Refund,Fintech,4065.32,Pending,High,2026-04-21 01:35:58
36102c72-04cc-457a-9f2d-18cf02b5f1f2,Purchase,E-commerce,2797.51,Failed,High,2026-04-18 19:26:06
39abf38c-28e3-469c-a930-cee783fe7ae1,Refund,E-commerce,591.3,Pending,High,2026-04-19 21:41:43
76417a66-f8a2-4162-8099-9468dcb034c3,Subscription,SaaS,2186.2,Failed,Medium,2026-04-12 22:16:54
9cc27eaa-89f9-42bd-ab95-83b1d88a7b8f,Purchase,SaaS,867.08,Approved,High,2026-04-19 21:12:02
c3949935-0ab2-4edf-af1c-b1ded4893e56,Subscription,Fintech,1228.5,Approved,Low,2026-04-05 12:25:41
3b4a333e-5888-4d72-973e-d2961764c9d1,Purchase,E-commerce,1743.3,Failed,Low,2026-04-25 07:16:01
66de1648-c837-40a1-822b-7c7d5e13ac10,Purchase,SaaS,1913.07,Failed,Low,2026-04-26 01:49:50
fdc71909-6a1b-4bf6-939c-2b3bd74b8ff1,Purchase,E-commerce,905.92,Approved,Low,2026-03-30 22:28:36
fda2c9e3-7329-4f4a-b6ce-64fc0b5be862,Refund,SaaS,1983.29,Failed,Low,2026-04-18 12:35:44
10baf0eb-fb80-4e28-a702-f2d77a263bb3,Subscription,E-commerce,1569.74,Pending,Medium,2026-04-05 11:27:18
dbbd86aa-5d59-466f-9534-d54d8509aeb9,Refund,Fintech,2591.66,Failed,Low,2026-04-17 01:50:13
51538a56-4d44-45f1-b924-439e304c5fd2,Subscription,E-commerce,2332.7,Pending,Low,2026-04-26 16:13:26
5e5e7cfc-5a6d-49ef-9643-2b63dd9dbc0f,Refund,Fintech,103.76,Pending,Medium,2026-03-29 15:27:16
42c0970d-cc65-4c03-a7f5-422786f0f39a,Subscription,SaaS,1365.91,Failed,Low,2026-04-20 23:50:45
dd7b861e-cd65-4e04-8bf5-92a6614f6702,Purchase,Fintech,2516.04,Failed,Low,2026-04-04 09:19:57
e1b256ae-64e6-4597-b39a-8873ba633200,Subscription,SaaS,2624.17,Pending,Medium,2026-03-31 06:08:06
f414401a-424b-446a-8767-69bb4fde6e5c,Subscription,E-commerce,1280.87,Approved,Low,2026-04-11 04:40:00
6d131507-3f47-4dbe-bdd7-3ef72f4c1863,Purchase,Fintech,460.9,Approved,Medium,2026-04-25 00:17:16
db74858f-2ef3-4253-9606-bf0d53bf021d,Purchase,Fintech,850.81,Approved,Medium,2026-04-08 04:13:10
d57ce8aa-88c8-4c4c-bc64-c5af2844921c,Subscription,Fintech,398.33,Failed,Medium,2026-04-11 00:31:51
2c543762-d7ba-4b0a-89f5-969bc06fed4b,Refund,E-commerce,3820.88,Failed,Low,2026-04-16 14:19:27
81e55522-76e8-4fd0-a198-e5ec1d65be39,Refund,E-commerce,4447.24,Approved,Medium,2026-04-17 17:22:36
4a8940ba-efb2-4ef1-9d93-4be56cad5906,Purchase,SaaS,1582.58,Approved,Medium,2026-04-06 00:09:18
8fda09ac-24ed-4080-a18e-8dcc1215d38b,Subscription,E-commerce,1824.63,Approved,High,2026-04-14 19:04:11
53e72436-966f-4dea-a36f-04ebcef258bb,Subscription,Fintech,2890.51,Failed,Medium,2026-04-17 17:49:38
f0cf6ff1-4909-473b-a830-c22bad3526ad,Subscription,E-commerce,3134.52,Pending,Medium,2026-04-20 15:14:16
9ba8c3c5-86d3-44c6-b9a6-d1be8883252e,Refund,Fintech,1341.14,Approved,High,2026-04-04 14:30:06
0988b738-5ab2-4768-95fa-00039f34b86c,Subscription,E-commerce,4490.4,Pending,High,2026-04-17 22:07:56
00eac2d0-7235-40ec-b2b6-fde4967e71bd,Subscription,Fintech,1298.74,Pending,Medium,2026-04-16 20:27:25
bf563f3e-0897-40e5-be7a-e76b00307766,Refund,E-commerce,3869.67,Pending,Low,2026-04-15 08:52:23
167042ee-5297-4129-98db-aec3227668b7,Purchase,SaaS,233.53,Pending,High,2026-04-22 22:26:45
5c226411-4e19-4697-a14c-414c2ef49a8a,Subscription,Fintech,2870.65,Approved,Medium,2026-04-25 11:27:22
aa19731c-13e0-494b-83f2-8b0372c17697,Purchase,Fintech,664.64,Failed,High,2026-04-21 17:47:07
cba3272d-491e-482e-a03d-d8a2bd4855d0,Subscription,SaaS,3232.24,Approved,High,2026-04-26 04:24:27
38592c7b-919f-445e-b476-1aba1fea3c6c,Refund,E-commerce,3408.3,Approved,Medium,2026-04-15 01:43:23
dbb9ce7e-47fd-4f70-a3b6-0061977f2256,Purchase,E-commerce,1750.33,Pending,Medium,2026-04-07 07:50:25
4ebed580-1fff-405d-869a-5e842867bb25,Purchase,SaaS,4008.95,Failed,Low,2026-04-20 17:01:46
1ac91f51-d6be-4390-a7d9-b8d4ea7d870e,Purchase,SaaS,4934.47,Approved,Low,2026-04-11 03:20:55
4b6f5d02-4662-4893-9001-ab0eb9c8a1da,Subscription,E-commerce,483.19,Failed,Medium,2026-03-31 14:56:42
a53fcad8-7c5b-48cd-ab65-87dd47cd5e31,Refund,E-commerce,3962.08,Pending,Low,2026-04-12 15:35:21
7535c021-c69f-45e8-b899-737e05e05ac1,Purchase,Fintech,1769.53,Failed,Low,2026-03-30 05:58:36
8791a305-53cf-4200-a2d8-5f50d1ccc090,Refund,Fintech,1860.38,Pending,Medium,2026-04-12 20:25:31
bde6bfb8-ffe9-4db6-8537-f7ad93f703d1,Refund,SaaS,1788.48,Approved,High,2026-04-15 17:59:14
9b25858d-592b-49cc-8841-f11391f83167,Purchase,SaaS,1577.76,Pending,Medium,2026-04-21 11:10:21
2ae1f213-6c5b-44da-85ce-a814aea3c08c,Purchase,Fintech,1123.01,Pending,Low,2026-04-16 16:48:08
8289dbcf-53f1-4ca0-9bb6-087d48e379bf,Subscription,SaaS,2593.12,Pending,Medium,2026-04-08 14:30:45
917d5554-58a8-4059-b116-141ca0d05ad7,Refund,Fintech,2218.23,Approved,Medium,2026-04-14 09:36:23
b4120b93-2994-4895-983d-2ff29043e77f,Refund,E-commerce,2752.58,Pending,Medium,2026-03-28 16:20:45
c66a8a4a-614e-4774-a47f-8febe2a8876f,Subscription,Fintech,4364.8,Pending,High,2026-03-29 08:21:52
b674d656-b8c5-4cc4-ac68-31d6ce8b0aa0,Subscription,Fintech,2374.0,Pending,High,2026-04-08 23:09:08
7f19902f-ddde-48d2-8a24-ee19e670c8d7,Purchase,E-commerce,4925.83,Approved,Medium,2026-03-29 06:02:42
1b123f0e-8e65-4cfe-9df3-dd7ea8713cac,Refund,Fintech,1386.78,Failed,Medium,2026-04-20 15:48:55
372575ea-dcda-44fc-b5ea-7eadab055b6e,Subscription,SaaS,1386.84,Approved,High,2026-04-08 05:20:03
0ee75e76-0e7c-4548-a198-5aed91d666e2,Purchase,SaaS,2584.19,Pending,Low,2026-04-20 01:10:27
b49d28a5-b69e-4f82-8588-963411524e43,Subscription,E-commerce,2423.28,Pending,Medium,2026-04-23 16:17:52
d572a7d7-e667-4807-9701-a76a8460d410,Refund,SaaS,1965.5,Failed,Medium,2026-04-03 12:32:05
237d483f-23ba-4ba0-9c89-a84b51c7aee8,Purchase,Fintech,3207.31,Approved,Low,2026-04-10 20:02:05
7e31c414-dd00-491e-98cf-0b53fbef81e8,Purchase,Fintech,791.07,Approved,Low,2026-04-05 19:56:22
15b41cd6-4fdb-4e87-becb-2bac5412e9ab,Refund,SaaS,2181.85,Approved,Medium,2026-04-03 06:06:49
54f1a74c-9301-4581-bc8b-f55a317d10b4,Refund,E-commerce,1677.2,Failed,Low,2026-04-26 21:32:19
242b6834-3a04-4497-a859-ea072b9dcee5,Purchase,Fintech,1402.11,Failed,High,2026-04-05 10:00:07
28bcdac8-a17e-46cd-b02a-3bf7d8f077c1,Purchase,SaaS,4695.77,Failed,Medium,2026-04-16 02:40:08
4d7f3bd2-ad3f-4b93-835a-ea0177ffe295,Refund,E-commerce,3582.29,Approved,High,2026-04-15 08:35:37
d7491722-a722-4147-b3dc-69e4e6152e44,Subscription,Fintech,4285.77,Approved,High,2026-04-06 12:05:00
78737eb9-7db6-4a10-a0bc-50f8fea90b13,Subscription,E-commerce,4975.12,Pending,Low,2026-04-12 04:40:27
712724bb-a9ae-4256-bb87-41b8e4bd061f,Refund,E-commerce,2164.86,Failed,High,2026-03-29 18:16:15
7eb73e61-e5a4-48d4-b709-2e77bddfd8b2,Purchase,E-commerce,4613.99,Failed,Medium,2026-04-24 09:47:12
8b477b99-1355-4180-87c0-8df9127ba8cb,Refund,Fintech,4961.7,Failed,High,2026-03-28 14:47:53
16ca3e7a-575f-4471-867e-dcd088745dc9,Subscription,Fintech,3485.4,Approved,Medium,2026-04-26 05:42:41
fa027172-bd84-4432-9ca3-1b0e51dfdc5b,Subscription,Fintech,410.07,Approved,High,2026-04-14 13:40:28
a352d44a-b54c-4603-a63f-a59318d73ec5,Purchase,E-commerce,2290.42,Pending,High,2026-04-25 02:26:52
9b5e4d8f-78b8-410b-af51-4caa924cd6b0,Refund,Fintech,1196.68,Approved,Low,2026-04-25 04:33:14
ee18f8b7-3e30-403d-b26c-ad5544a101d2,Purchase,SaaS,3679.41,Approved,High,2026-04-25 07:03:49
a737ec10-c29e-4330-b9d3-929a52e7b0b2,Refund,E-commerce,2137.45,Pending,Low,2026-04-21 07:09:46
511f1464-3829-4636-be02-89372a17ed68,Purchase,E-commerce,3610.39,Failed,High,2026-04-08 02:06:21
8afd0ea7-f6b4-4e47-9b62-c906ced79f4e,Purchase,Fintech,567.58,Failed,Medium,2026-03-29 06:21:04
2fcb0f48-ef10-46d0-909d-af65b22b0414,Subscription,SaaS,1494.99,Pending,Medium,2026-04-26 15:06:46
1e7c6e16-a67d-4214-815e-1e140e31faca,Purchase,E-commerce,1036.57,Pending,Low,2026-04-19 03:42:21
a50e63f5-3170-4b16-b10e-70214c99c627,Purchase,SaaS,937.63,Pending,Medium,2026-04-21 21:22:50
3e1b2146-58fa-4f19-98a8-d119782a8752,Subscription,Fintech,3395.67,Pending,Low,2026-04-18 23:21:32
b633cfa8-ebd5-41d2-9cc9-1fa3b41bb0e5,Subscription,Fintech,148.32,Pending,Low,2026-04-13 04:16:27
94066ee4-51b7-4f63-b72c-e9b7eac294e2,Subscription,Fintech,1960.39,Failed,Medium,2026-04-23 19:24:49
04d005e5-bd78-41ee-8087-ac76580a4407,Refund,SaaS,1258.7,Failed,Medium,2026-04-25 14:06:13
42e3dcbf-a5a0-481d-8859-620d6fe6ae43,Refund,Fintech,3716.21,Approved,Low,2026-04-08 19:47:32
6790d732-ec77-4abc-b210-c45f57446882,Refund,SaaS,4071.89,Approved,Medium,2026-04-10 23:26:15
94846ea6-5462-4227-8ef0-4d05cdcd9b85,Subscription,SaaS,4414.46,Pending,Medium,2026-04-07 22:52:10
e524acf1-e589-406f-b138-479469d5dd6f,Refund,SaaS,469.75,Failed,Medium,2026-04-13 00:19:49
009a8cfc-36ef-4376-b4c5-721a9fcefb91,Refund,Fintech,4290.43,Approved,Low,2026-04-21 11:54:00
2b9e9950-ac88-411c-9ead-17d46bdc193a,Purchase,E-commerce,3994.45,Failed,Medium,2026-04-19 05:32:41
ac7aa15d-6030-45b0-8656-0c341537ee01,Purchase,Fintech,4996.95,Failed,Medium,2026-04-19 08:42:52
42384951-b3ba-4c84-b3fa-cd5fd8acf159,Subscription,E-commerce,4443.75,Failed,High,2026-04-09 08:59:18
4d88846f-9881-41b7-bbff-6940664d7cad,Refund,E-commerce,1545.56,Pending,High,2026-04-10 21:44:14
c63aa6f9-8bda-491a-b2df-0cdb1cf7094f,Purchase,E-commerce,2867.65,Pending,High,2026-04-15 18:49:39
afb71e3d-7cee-4ddf-8214-1f712a22dc5f,Purchase,SaaS,2066.61,Approved,High,2026-03-29 07:19:26
2fcc5907-45de-4c3e-a8ad-6ef46b2b9042,Refund,Fintech,4607.92,Approved,High,2026-04-27 04:24:24
c4bd0725-771c-41f9-a6ec-5c0f83de91ec,Refund,E-commerce,2505.56,Pending,Low,2026-04-24 14:14:16
7387441a-b24f-4713-b2dd-266f3855d76d,Subscription,E-commerce,3347.52,Failed,Medium,2026-04-19 03:22:35
644d00d5-986f-4a29-a37c-8b8badf7f5ad,Subscription,E-commerce,2454.68,Pending,Medium,2026-04-26 03:52:15
d742843b-747c-440f-9f03-dcdda4638b95,Refund,Fintech,639.33,Approved,Low,2026-04-05 22:23:50
427041c0-a845-4e37-928a-94308ddc888b,Purchase,SaaS,1471.49,Pending,Medium,2026-04-16 13:01:45
d13cf060-9dae-416a-88e0-1225ca8c9917,Purchase,Fintech,4798.5,Failed,Low,2026-04-08 23:23:12
e2df8121-a813-487a-9768-11484343a8d0,Purchase,SaaS,159.42,Pending,Low,2026-04-14 04:28:19
81fdd037-9ecb-47b7-85b6-b9a4676b9ec8,Refund,E-commerce,3917.49,Pending,High,2026-04-02 11:09:53
aa47cb63-27e6-4c80-8e2f-2f61f8120417,Purchase,E-commerce,3535.36,Pending,Medium,2026-04-22 16:06:45
3eda4019-a295-441f-bc00-917a014f370d,Purchase,Fintech,1003.81,Approved,Medium,2026-04-22 20:05:04
30812c3e-f9d3-433d-9dde-369e33d8a9f1,Purchase,Fintech,473.61,Approved,Medium,2026-04-25 01:00:35
ffdbabcf-0768-48fd-b143-ac5f5a27b182,Refund,SaaS,2673.4,Failed,High,2026-04-24 15:35:16
d284241a-c9c4-48c6-ae9e-cee2f97ab0e2,Refund,SaaS,1613.09,Failed,Medium,2026-03-29 10:15:47
86a64aa2-30d4-4102-9b01-43cd7f6fcee4,Refund,SaaS,547.08,Approved,High,2026-03-31 23:37:43
32599602-db8f-4a26-8c09-b4ccdd2cdaf5,Subscription,E-commerce,1755.28,Approved,Low,2026-04-10 10:39:37
0f55559c-8b62-41c4-99ac-96c23d7f1290,Subscription,Fintech,4825.77,Failed,Low,2026-03-30 09:25:08
61ffcf6b-a78c-4e66-879e-cec1f37eba75,Refund,Fintech,3852.89,Failed,Medium,2026-03-29 17:57:06
1e18905f-e3cd-455d-9241-a886a83c5022,Purchase,E-commerce,2811.19,Pending,Low,2026-04-26 12:02:07
8126388b-8501-4295-b569-5f3514661e19,Subscription,E-commerce,1591.68,Pending,High,2026-04-06 04:42:45
287a01b8-34aa-4cd1-96f6-4af483dedccb,Refund,Fintech,736.86,Pending,Low,2026-04-06 08:31:39
3391ab01-5352-4492-a074-63dddfd0ce24,Refund,Fintech,3918.74,Approved,Medium,2026-04-02 09:52:24
193ba3f3-6acb-4762-a92e-adf6fda921e2,Subscription,SaaS,407.01,Failed,Low,2026-04-02 09:05:54
d7189489-15ea-4ca0-8740-d0f2d4601564,Subscription,SaaS,2221.85,Approved,High,2026-04-11 12:11:41
7365df3f-060b-420a-b8f5-7d8d1cd949c5,Refund,E-commerce,2229.87,Failed,Medium,2026-04-20 02:57:19
368dbc5d-42ef-4240-98c0-b598bb2d275b,Purchase,Fintech,1214.15,Approved,Medium,2026-04-01 21:20:09
c00f17e4-33a2-4560-ac60-e9e3f2eff375,Purchase,Fintech,4719.93,Approved,Low,2026-04-13 07:36:48
76e3674c-106c-480a-b475-096892968071,Purchase,Fintech,3574.31,Failed,Medium,2026-04-06 19:40:06
4eb90714-a98b-4b5d-adc3-4325b4df3b79,Purchase,SaaS,104.69,Failed,Medium,2026-04-04 13:46:20
0ea6dc85-44b8-411e-91f9-5cec121334fb,Purchase,E-commerce,1279.68,Pending,High,2026-03-31 08:57:01
cf9a4c6b-c16f-485f-8ec3-97e7c5ae9c4e,Purchase,SaaS,384.3,Failed,Low,2026-04-05 16:59:35
8cea1036-c818-4458-b2ce-0e48fb7d4702,Subscription,SaaS,2188.52,Approved,Low,2026-04-11 04:46:02
6e7218cc-66d7-47e4-895d-e0f88f26f3be,Purchase,SaaS,1628.28,Pending,Medium,2026-04-18 19:40:31
